City_ID,City,Country,Lat,Lng,Max Temp,Humidity,Cloudiness,Wind Speed,Current Description
0,Peto,MX,20.1333,-88.9167,71.17,100,100,1.48,overcast clouds
1,Albany,US,42.6001,-73.9662,32.07,85,3,3.76,clear sky
2,Dikson,RU,73.5069,80.5464,-8.93,95,95,6.02,overcast clouds
3,Hobart,AU,-42.8794,147.3294,59.11,76,75,1.01,broken clouds
4,Hermanus,ZA,-34.4187,19.2345,67.89,73,95,17.67,overcast clouds
5,Rikitea,PF,-23.1203,-134.9692,73.42,67,100,10.38,overcast clouds
6,Bluff,NZ,-46.6,168.3333,51.82,82,100,3.06,overcast clouds
7,Avarua,CK,-21.2078,-159.775,77.05,78,20,6.91,few clouds
8,Hervey Bay,AU,-25.2986,152.8535,82.04,60,0,10.69,clear sky
9,Cidreira,BR,-30.1811,-50.2056,61.0,76,0,6.49,clear sky
10,Ushuaia,AR,-54.8,-68.3,38.86,81,40,17.27,light intensity drizzle
11,Qui Nhon,VN,13.7667,109.2333,81.25,75,23,8.41,few clouds
12,Ermoupolis,GR,37.4423,24.9425,58.89,62,75,26.46,broken clouds
13,Kruisfontein,ZA,-34.0033,24.7314,62.89,57,26,4.63,scattered clouds
14,Alta Floresta,BR,-9.8756,-56.0861,70.12,99,100,2.82,overcast clouds
15,Camacari,BR,-12.6975,-38.3242,78.57,94,16,3.89,few clouds
16,Thompson,CA,55.7435,-97.8558,19.56,93,90,6.91,light snow
17,Mar Del Plata,AR,-38.0023,-57.5575,57.87,93,90,7.0,overcast clouds
18,Puerto Ayora,EC,-0.7393,-90.3518,68.5,80,75,9.28,broken clouds
19,Tuktoyaktuk,CA,69.4541,-133.0374,-5.8,84,20,6.91,few clouds
20,Oga,IT,46.4631,10.347,36.28,59,10,1.59,clear sky
21,Bambous Virieux,MU,-20.3428,57.7575,82.65,61,75,16.11,broken clouds
22,Fort Nelson,CA,58.8053,-122.7002,-8.01,84,40,0.0,scattered clouds
23,Busselton,AU,-33.65,115.3333,79.09,40,19,9.04,few clouds
24,Camacha,PT,33.0833,-16.3333,60.22,72,20,8.05,few clouds
25,Port Elizabeth,ZA,-33.918,25.5701,65.1,88,75,3.44,light rain
26,Toktogul,KG,41.8708,72.9402,52.57,53,0,1.52,clear sky
27,Raga,SS,8.4596,25.678,84.7,20,6,9.42,clear sky
28,Tessalit,ML,20.1986,1.0114,71.01,18,100,9.42,overcast clouds
29,Liloy,PH,8.1144,122.6594,83.19,78,100,2.95,heavy intensity rain
30,Punta Arenas,CL,-53.15,-70.9167,42.91,65,40,43.73,scattered clouds
31,Cape Town,ZA,-33.9258,18.4232,71.1,50,20,5.75,few clouds
32,Constitucion,CL,-35.3333,-72.4167,51.85,91,76,2.01,broken clouds
33,Kununurra,AU,-15.7667,128.7333,102.18,32,100,6.91,overcast clouds
34,Upernavik,GL,72.7868,-56.1549,4.42,63,100,9.33,overcast clouds
35,Didi Lilo,GE,41.7361,44.9647,47.98,62,0,14.97,clear sky
36,Tasiilaq,GL,65.6145,-37.6368,26.76,76,100,4.07,overcast clouds
37,Lilongwe,MW,-13.9669,33.7873,82.6,44,0,5.75,clear sky
38,Narsaq,GL,60.9167,-46.05,35.82,97,100,17.74,heavy intensity rain
39,Los Llanos De Aridane,ES,28.6585,-17.9182,60.55,65,0,8.01,clear sky
40,Atuona,PF,-9.8,-139.0333,78.17,73,15,15.73,few clouds
41,Geraldton,AU,-28.7667,114.6,86.41,30,0,19.57,clear sky
42,Saskylakh,RU,71.9167,114.0833,-19.53,98,100,7.43,overcast clouds
43,Vila,PT,42.0304,-8.1588,42.69,78,29,4.61,scattered clouds
44,Ostrovnoy,RU,68.0531,39.5131,30.36,94,100,13.56,light snow
45,Colares,PT,38.7992,-9.4469,58.33,68,52,8.01,broken clouds
46,Coquimbo,CL,-29.9533,-71.3436,55.13,94,90,4.61,overcast clouds
47,Viedma,AR,-40.8135,-62.9967,65.28,43,4,15.1,clear sky
48,Longyearbyen,SJ,78.2186,15.6401,12.04,48,20,14.97,few clouds
49,Yellowknife,CA,62.456,-114.3525,0.12,78,90,5.75,light snow
50,Bredasdorp,ZA,-34.5322,20.0403,59.29,80,100,14.18,light rain
51,Cherskiy,RU,68.75,161.3,-14.93,92,5,4.45,clear sky
52,Kloulklubed,PW,7.0419,134.2556,88.3,70,21,8.05,few clouds
53,Faanui,PF,-16.4833,-151.75,80.17,80,7,17.94,light rain
54,Jalu,LY,29.0331,21.5482,64.08,68,27,12.84,scattered clouds
55,Bethel,US,41.3712,-73.414,38.48,76,1,0.0,clear sky
56,Arraial Do Cabo,BR,-22.9661,-42.0278,73.11,93,100,14.38,overcast clouds
57,Padang,ID,-0.9492,100.3543,86.05,63,94,6.71,overcast clouds
58,Kodiak,US,57.79,-152.4072,27.91,69,90,9.22,light snow
59,Dingle,PH,10.9995,122.6711,85.96,72,68,4.74,broken clouds
60,San Patricio,US,28.017,-97.5169,67.82,91,11,3.87,few clouds
61,Georgetown,MY,5.4112,100.3354,87.75,70,20,8.01,few clouds
62,Pierre,US,44.3683,-100.351,47.28,57,40,0.0,scattered clouds
63,Safaga,EG,26.7292,33.9365,67.95,44,0,7.65,clear sky
64,Lebu,CL,-37.6167,-73.65,52.86,93,71,15.14,broken clouds
65,Dubbo,AU,-32.25,148.6167,77.13,47,40,6.91,light rain
66,Chokurdakh,RU,70.6333,147.9167,-6.43,99,100,4.97,overcast clouds
67,Saint-Augustin,CA,51.226,-58.6502,33.1,81,12,8.55,few clouds
68,Mahebourg,MU,-20.4081,57.7,82.69,61,75,16.11,broken clouds
69,Rush,IE,53.5223,-6.0931,51.89,76,75,6.91,broken clouds
70,Linjiang,CN,41.8069,126.9078,41.27,55,99,2.01,overcast clouds
71,Bratsk,RU,56.1325,101.6142,7.29,69,100,10.89,overcast clouds
72,Carnarvon,AU,-24.8667,113.6333,78.87,61,0,19.57,clear sky
73,Rawson,AR,-43.3002,-65.1023,66.7,37,1,14.76,clear sky
74,Jamestown,US,42.097,-79.2353,35.19,97,1,1.99,clear sky
75,Mount Isa,AU,-20.7333,139.5,100.17,19,85,9.22,overcast clouds
76,Moron,AR,-34.6534,-58.6198,67.96,90,0,4.56,clear sky
77,Tiksi,RU,71.6872,128.8694,-13.72,98,91,5.66,overcast clouds
78,Sitka,US,57.0531,-135.33,30.09,80,20,5.75,few clouds
79,Borzya,RU,50.3833,116.5167,19.92,65,100,6.17,overcast clouds
80,Westlock,CA,54.1502,-113.8688,24.96,90,100,6.31,overcast clouds
81,Baixa Grande,BR,-11.9597,-40.1681,69.03,88,40,2.37,scattered clouds
82,New Norfolk,AU,-42.7826,147.0587,58.75,63,95,1.99,overcast clouds
83,Port Alfred,ZA,-33.5906,26.891,65.21,68,52,8.21,light rain
84,Mataura,NZ,-46.1927,168.8643,56.17,87,100,1.3,light rain
85,Hilo,US,19.7297,-155.09,73.26,88,90,3.44,overcast clouds
86,Finschhafen,PG,-6.6024,147.8681,81.7,81,97,3.29,overcast clouds
87,San Luis,AR,-33.295,-66.3356,70.12,31,0,16.87,clear sky
88,Betare Oya,CM,5.6,14.0833,77.25,69,89,2.77,overcast clouds
89,Hazorasp,UZ,41.3194,61.0742,30.04,30,67,6.82,broken clouds
90,Nikolskoye,RU,59.7035,30.7861,35.49,73,100,10.89,overcast clouds
91,Nome,US,64.5011,-165.4064,-0.33,55,1,0.0,clear sky
92,Saldanha,ZA,-33.0117,17.9442,64.45,65,9,12.06,clear sky
93,Lubumbashi,CD,-11.6609,27.4794,70.23,77,100,3.18,overcast clouds
94,Pocoes,BR,-14.5297,-40.3653,63.46,98,99,2.91,overcast clouds
95,Hithadhoo,MV,-0.6,73.0833,80.73,82,90,21.34,overcast clouds
96,Yar-Sale,RU,66.8333,70.8333,2.26,95,100,22.68,light snow
97,Kindia,GN,10.0569,-12.8658,67.96,76,8,1.25,clear sky
98,Champerico,GT,14.3,-91.9167,80.04,81,100,4.45,overcast clouds
99,Celestun,MX,20.8667,-90.4,75.18,87,100,10.38,overcast clouds
100,Vrede,ZA,-27.4257,29.1659,61.7,65,94,7.85,overcast clouds
101,Qaanaaq,GL,77.484,-69.3632,-4.49,72,67,8.12,broken clouds
102,Tamandare,BR,-8.7597,-35.1047,77.0,76,8,6.64,clear sky
103,Tara,RU,56.8944,74.371,22.33,93,100,11.12,overcast clouds
104,Apatity,RU,67.5641,33.4031,22.91,95,100,4.81,overcast clouds
105,Lydenburg,ZA,-25.0978,30.4597,60.1,78,100,3.27,overcast clouds
106,Itarema,BR,-2.9248,-39.9167,80.26,73,26,15.23,scattered clouds
107,Kapaa,US,22.0752,-159.319,78.78,76,40,5.75,scattered clouds
108,Upata,VE,8.0086,-62.3989,68.25,98,16,2.19,few clouds
109,Torbay,CA,47.6666,-52.7314,53.28,94,90,33.38,light rain
110,Bengkulu,ID,-3.8004,102.2655,84.27,71,100,10.04,overcast clouds
111,Walvis Bay,NA,-22.9575,14.5053,58.08,88,90,8.05,overcast clouds
112,Omsukchan,RU,62.5333,155.8,2.37,99,100,2.19,overcast clouds
113,Vestmannaeyjar,IS,63.4427,-20.2734,37.4,77,6,22.5,clear sky
114,Husavik,IS,66.0449,-17.3389,30.11,87,100,19.19,light snow
115,Revelstoke,CA,50.9832,-118.2023,28.42,93,90,2.3,overcast clouds
116,Port Blair,IN,11.6667,92.75,84.25,73,26,11.72,scattered clouds
117,Codrington,AU,-38.2667,141.9667,56.23,67,20,14.54,few clouds
118,Iroquois Falls,CA,48.7669,-80.6831,23.14,86,100,6.8,overcast clouds
119,Airai,TL,-8.9266,125.4092,70.97,79,96,2.19,moderate rain
120,Castro,BR,-24.7911,-50.0119,57.38,95,75,6.98,broken clouds
121,Presidencia Roque Saenz Pena,AR,-26.7852,-60.4388,59.49,69,21,4.36,few clouds
122,Mogadishu,SO,2.0371,45.3438,84.07,84,75,10.36,broken clouds
123,Souillac,MU,-20.5167,57.5167,82.78,61,75,16.11,broken clouds
124,Basoda,IN,23.85,77.9333,80.22,32,85,9.13,overcast clouds
125,Bandundu,CD,-3.3167,17.3667,78.17,81,100,0.51,overcast clouds
126,Secunda,ZA,-26.55,29.1667,57.33,99,100,1.99,overcast clouds
127,Hellin,ES,38.5106,-1.701,53.38,83,100,12.64,overcast clouds
128,Mount Gambier,AU,-37.8333,140.7667,58.91,58,75,16.11,broken clouds
129,Pevek,RU,69.7008,170.3133,-7.76,90,48,3.96,scattered clouds
130,Half Moon Bay,US,37.4636,-122.4286,58.69,94,90,0.0,overcast clouds
131,Buala,SB,-8.145,159.5921,81.48,74,56,3.51,light rain
132,Maraba,BR,-5.3686,-49.1178,78.98,89,0,4.61,clear sky
133,Cabo San Lucas,MX,22.8909,-109.9124,67.6,69,5,9.42,clear sky
134,Oranjemund,NA,-28.55,16.4333,63.37,71,1,11.63,clear sky
135,Melo,UY,-32.3667,-54.1833,54.36,77,0,6.55,clear sky
136,Synya,RU,65.3718,58.0387,23.92,93,100,12.71,light snow
137,Terrace,CA,54.5163,-128.6035,42.42,93,90,16.11,moderate rain
138,La Ronge,CA,55.1001,-105.2842,26.85,86,90,5.75,overcast clouds
139,Nizwa,OM,22.9333,57.5333,77.9,35,0,4.65,clear sky
140,Lata,PT,40.1629,-8.3327,56.8,82,77,6.15,broken clouds
141,Big Spring,US,32.2504,-101.4787,55.24,54,1,15.99,clear sky
142,Ponto Novo,BR,-10.8628,-40.1336,68.9,86,33,2.68,scattered clouds
143,Busia,UG,0.4544,34.0758,81.18,41,87,3.62,overcast clouds
144,Awbari,LY,26.5921,12.7805,65.23,46,98,8.03,overcast clouds
145,Khatanga,RU,71.9667,102.5,-21.19,95,96,4.23,overcast clouds
146,Provideniya,RU,64.3833,-173.3,10.96,64,7,7.9,clear sky
147,Iqaluit,CA,63.7506,-68.5145,26.33,73,75,8.01,light snow
148,Visby,SE,57.6409,18.296,47.86,66,40,16.11,scattered clouds
149,Ratnagiri,IN,16.9833,73.3,88.72,61,98,6.76,overcast clouds
150,Agadez,NE,19.75,10.25,76.75,20,100,4.16,overcast clouds
151,Leningradskiy,RU,69.3833,178.4167,-4.49,83,31,4.54,scattered clouds
152,Vila Velha,BR,-20.3297,-40.2925,76.95,92,40,5.99,scattered clouds
153,Gimli,CA,50.6336,-96.9907,26.44,86,100,5.75,overcast clouds
154,Norman Wells,CA,65.282,-126.8329,1.44,78,75,8.05,light snow
155,Belaya Gora,RU,68.5333,146.4167,-8.54,97,100,2.3,overcast clouds
156,Vaini,TO,-21.2,-175.2,78.96,94,20,2.3,few clouds
157,Wanning,CN,18.8003,110.3967,80.55,69,99,9.24,overcast clouds
158,La Crosse,US,43.8014,-91.2396,37.42,63,90,3.0,overcast clouds
159,Wangqing,CN,43.3218,129.7634,36.0,53,0,4.65,clear sky
160,Sharanga,RU,57.1775,46.5396,28.22,91,100,13.18,overcast clouds
161,Santiago,CL,-33.4569,-70.6483,65.86,54,20,9.22,few clouds
162,Tekeli,KZ,44.83,78.8239,33.44,75,0,5.73,clear sky
163,Brive-La-Gaillarde,FR,45.25,1.5,38.75,91,0,2.57,clear sky
164,Saint-Philippe,RE,-21.3585,55.7679,85.48,63,1,13.85,clear sky
165,Butaritari,KI,3.0707,172.7902,82.42,73,31,14.32,scattered clouds
166,Fiche,ET,9.8,38.7333,61.02,33,5,4.47,clear sky
167,Kaitangata,NZ,-46.2817,169.8464,54.0,88,100,5.32,light rain
168,Road Town,VG,18.4167,-64.6167,78.01,73,5,12.86,clear sky
169,Brae,GB,60.3964,-1.353,48.11,81,100,14.83,overcast clouds
170,Luderitz,NA,-26.6481,15.1594,67.24,54,6,15.75,clear sky
171,Arman,RU,59.7,150.1667,10.02,80,23,13.0,few clouds
172,Taltal,CL,-25.4,-70.4833,59.29,77,66,0.13,broken clouds
173,Avera,US,33.194,-82.5271,46.27,36,0,9.33,clear sky
174,Arkhangelsk,RU,64.5401,40.5433,30.31,93,90,6.71,light snow
175,Singaparna,ID,-7.3515,108.111,83.84,69,98,2.44,overcast clouds
176,Nelson Bay,AU,-32.7167,152.15,70.09,87,100,1.01,overcast clouds
177,Ponta Do Sol,PT,32.6667,-17.1,63.72,69,8,3.67,clear sky
178,Pandan Niog,PH,6.2282,120.5631,84.18,72,24,5.84,few clouds
179,Bria,CF,6.5423,21.9863,79.3,57,9,5.19,clear sky
180,Honiara,SB,-9.4333,159.95,80.2,81,100,2.53,overcast clouds
181,Saint George,US,37.1041,-113.5841,58.35,43,20,3.44,few clouds
182,Kangaatsiaq,GL,68.3065,-53.4641,14.29,64,100,14.03,overcast clouds
183,Henties Bay,NA,-22.116,14.2845,57.85,78,100,4.38,overcast clouds
184,Palafrugell,ES,41.9174,3.1631,48.42,76,37,3.96,scattered clouds
185,Korem,ET,12.5058,39.5228,63.3,33,0,6.11,clear sky
186,Faya,SA,18.3851,42.4509,62.71,45,0,9.33,clear sky
187,Abu Kamal,SY,34.4506,40.9171,65.35,51,100,15.19,overcast clouds
188,Xingcheng,CN,40.6167,120.7167,40.1,56,100,9.48,overcast clouds
189,Jaciara,BR,-15.9653,-54.9683,70.29,99,100,0.76,overcast clouds
190,Tabou,CI,4.423,-7.3528,79.05,86,5,5.61,light rain
191,Balsas,BR,-7.5325,-46.0356,75.54,79,100,2.19,overcast clouds
192,Gobabis,NA,-22.45,18.9667,80.64,17,72,11.23,broken clouds
193,Nouadhibou,MR,20.931,-17.0347,66.18,88,80,11.5,broken clouds
194,Parrita,CR,9.5201,-84.3225,78.51,85,14,4.38,few clouds
195,East London,ZA,-33.0153,27.9116,61.74,94,75,1.14,broken clouds
196,Byron Bay,AU,-28.65,153.6167,86.11,71,74,14.09,broken clouds
197,Vrangel,RU,42.7297,133.0839,36.73,55,11,5.08,few clouds
198,Machilipatnam,IN,16.1667,81.1333,86.2,72,39,11.21,scattered clouds
199,Victoria,HK,22.2855,114.1577,80.65,74,8,1.99,clear sky
200,Eyl,SO,7.9803,49.8164,85.24,47,87,12.95,overcast clouds
201,Ilulissat,GL,69.2167,-51.1,19.42,38,100,17.27,overcast clouds
202,Dakoro,NE,14.5106,6.765,75.49,20,0,10.94,clear sky
203,Baringo,KE,0.4667,35.9667,82.98,37,16,1.61,few clouds
204,Usevya,TZ,-7.1,31.2333,85.35,45,30,4.5,scattered clouds
205,Hambantota,LK,6.1241,81.1185,89.94,58,20,17.27,few clouds
206,Lahij,YE,13.1667,44.5833,81.82,34,1,6.51,clear sky
207,San Rafael Del Sur,NI,11.8485,-86.4384,76.8,74,98,11.07,overcast clouds
208,Kitimat,CA,54.0524,-128.6534,42.91,29,100,3.0,light rain
209,Alihe,CN,50.5667,123.7167,21.11,63,100,1.23,overcast clouds
210,San Quintin,MX,30.4833,-115.95,59.43,90,100,8.66,overcast clouds
211,Kutulik,RU,53.3508,102.7839,10.92,91,100,18.77,light snow
212,Esperance,AU,-33.8667,121.9,71.44,53,0,18.9,clear sky
213,Shingu,JP,33.7333,135.9833,68.99,68,0,4.32,clear sky
214,Abu Zabad,SD,12.35,29.25,80.76,17,0,18.97,clear sky
215,Te Anau,NZ,-45.4167,167.7167,52.57,91,100,2.73,light rain
216,Tres Arroyos,AR,-38.3739,-60.2798,52.75,50,0,10.54,clear sky
217,Wagar,SD,16.1525,36.2032,82.13,54,0,9.51,clear sky
218,Santa Maria,BR,-29.6842,-53.8069,55.08,89,0,3.62,clear sky
219,Tomatlan,MX,19.9333,-105.25,68.72,71,6,3.96,clear sky
220,San Joaquin,US,37.9333,-121.3011,58.51,87,90,6.91,overcast clouds
221,Lompoc,US,34.6391,-120.4579,56.79,91,90,4.61,fog
222,Davila,PH,18.4726,120.5763,93.18,69,100,23.73,overcast clouds
223,Sabang,ID,5.8933,95.3214,82.38,78,79,19.46,broken clouds
224,Guerrero Negro,MX,27.9769,-114.0611,61.77,90,96,8.55,overcast clouds
225,Shishou,CN,29.7226,112.419,59.16,72,100,8.19,overcast clouds
226,Coihaique,CL,-45.5752,-72.0662,55.35,58,90,8.05,overcast clouds
227,Valentin Gomez Farias,MX,28.2167,-106.5833,49.1,77,4,0.74,clear sky
228,Udachnyy,RU,66.4167,112.4,-17.07,99,58,4.81,broken clouds
229,Saposoa,PE,-6.934,-76.7716,69.64,99,100,1.07,overcast clouds
230,Ulladulla,AU,-35.35,150.4667,60.76,95,100,10.11,light rain
231,Burgersdorp,ZA,-30.9977,26.3286,60.76,34,0,3.11,clear sky
232,Namibe,AO,-15.1961,12.1522,71.22,70,100,4.47,overcast clouds
233,Gat,IL,31.61,34.7642,62.4,73,100,13.67,overcast clouds
234,Puerto Narino,CO,-3.7703,-70.3831,73.35,99,99,2.64,overcast clouds
235,Lorengau,PG,-2.0226,147.2712,84.65,62,49,4.63,scattered clouds
236,Chengde,CN,40.9725,117.9361,42.73,43,100,1.05,overcast clouds
237,Cockburn Town,TC,21.4612,-71.1419,80.51,77,14,15.5,few clouds
238,Tacoronte,ES,28.4769,-16.4102,62.8,71,0,3.0,clear sky
239,Moba,CN,33.2288,105.0179,43.65,70,100,6.4,overcast clouds
240,Toora-Khem,RU,52.4675,96.11,5.7,58,75,3.74,broken clouds
241,Makakilo City,US,21.3469,-158.0858,77.32,69,1,3.44,clear sky
242,Astara,AZ,38.5,48.6667,46.38,63,92,3.04,overcast clouds
243,Northam,GB,51.0333,-4.2167,50.4,95,100,1.95,overcast clouds
244,Balkanabat,TM,39.5108,54.3671,50.31,29,6,1.7,clear sky
245,Ilam,NP,26.9167,87.9167,64.92,74,69,5.82,broken clouds
246,Asau,RO,46.4333,26.4,49.12,90,52,8.63,broken clouds
247,Hinton,CA,53.4001,-117.5857,21.24,87,100,6.53,overcast clouds
248,Shimoda,JP,34.6667,138.95,64.76,67,1,9.57,clear sky
249,Sorland,NO,67.667,12.6934,42.94,74,66,18.07,broken clouds
250,Pathalgaon,IN,22.5667,83.4667,79.25,57,55,2.66,broken clouds
251,Anaconda,US,46.1285,-112.9423,35.96,95,70,4.29,broken clouds
252,Mawlaik,MM,23.6333,94.4167,86.77,49,25,1.05,scattered clouds
253,Gushikawa,JP,26.3544,127.8686,78.39,67,1,14.97,clear sky
254,Bethanien,NA,-26.502,17.1583,71.47,22,5,4.47,clear sky
255,Okitipupa,NG,6.5047,4.7839,77.07,92,100,1.66,overcast clouds
256,Eenhana,NA,-17.4667,16.3333,84.61,16,62,2.95,broken clouds
257,Carstairs,CA,51.5668,-114.102,23.85,72,10,8.55,clear sky
258,Zhuanghe,CN,39.7008,122.9911,45.46,35,100,0.45,light rain
259,Matara,LK,5.9485,80.5353,86.16,61,7,14.74,clear sky
260,Jibuti,DJ,11.5,42.5,80.02,35,0,15.08,clear sky
261,Lekoni,GA,-1.5843,14.2591,75.52,82,54,5.35,light rain
262,Suoyarvi,RU,62.0833,32.35,30.76,86,100,6.87,overcast clouds
263,Praia Da Vitoria,PT,38.7333,-27.0667,65.75,88,75,18.75,broken clouds
264,Chuy,UY,-33.6971,-53.4616,57.04,80,0,6.85,clear sky
265,Sagua De Tanamo,CU,20.5819,-75.2414,72.61,91,100,2.64,overcast clouds
266,Barrow,US,71.2906,-156.7887,10.42,79,90,5.75,overcast clouds
267,Zarubino,RU,42.63,131.0922,38.05,67,92,4.21,overcast clouds
268,Rocha,UY,-34.4833,-54.3333,54.39,84,0,4.12,clear sky
269,Touros,BR,-5.1989,-35.4608,79.7,75,100,13.71,overcast clouds
270,Lavrentiya,RU,65.5833,-171.0,4.69,69,35,6.08,scattered clouds
271,Richards Bay,ZA,-28.783,32.0377,66.6,73,94,2.8,overcast clouds
272,Angleton,US,29.1694,-95.4319,58.95,85,90,3.44,overcast clouds
273,Darhan,MN,49.4867,105.9228,21.07,73,100,8.34,overcast clouds
274,Lyubech,UA,51.7026,30.6569,48.06,71,11,22.39,few clouds
275,Sidi Bin Nur,TN,35.5333,10.9167,62.51,72,54,10.87,broken clouds
276,Ca Mau,VN,9.1769,105.15,84.9,74,100,4.7,overcast clouds
277,Yayva,RU,59.3303,57.2641,29.17,94,100,8.55,light snow
278,Flin Flon,CA,54.7682,-101.865,23.81,91,100,9.01,overcast clouds
279,Xuddur,SO,4.1213,43.8894,83.79,49,6,12.82,clear sky
280,Vardo,NO,70.3705,31.1107,35.19,81,100,21.77,light rain
281,Thunder Bay,CA,48.4001,-89.3168,37.38,61,90,10.36,overcast clouds
282,Kavieng,PG,-2.5744,150.7967,83.89,67,32,2.82,scattered clouds
283,Bonavista,CA,48.6499,-53.1147,54.12,96,100,16.93,moderate rain
284,Tonantins,BR,-2.8731,-67.8022,72.93,98,98,2.46,overcast clouds
285,Mapimi,MX,25.8167,-103.85,55.31,65,0,3.65,clear sky
286,Adrar,MR,20.5022,-10.0711,72.14,27,100,11.05,overcast clouds
287,Havre,FR,49.5833,0.3333,46.8,93,90,2.3,overcast clouds
288,Gbadolite,CD,4.2833,21.0167,81.1,72,35,2.08,scattered clouds
289,Nakamura,JP,32.9833,132.9333,63.72,65,0,2.86,clear sky
290,Komsomolskiy,UZ,40.4272,71.7189,45.32,39,0,2.3,clear sky
291,Maragogi,BR,-9.0122,-35.2225,76.69,78,66,7.0,broken clouds
292,Zhangye,CN,38.9342,100.4517,33.8,46,100,16.17,overcast clouds
293,Angoche,MZ,-16.2325,39.9086,86.65,54,0,9.46,clear sky
294,The Pas,CA,53.8251,-101.2541,21.22,93,75,16.11,broken clouds
295,Ambon,ID,-3.6954,128.1814,87.94,66,40,6.91,light rain
296,Banda Aceh,ID,5.5577,95.3222,85.62,69,37,14.92,scattered clouds
297,Hyeres,FR,43.1167,6.1167,54.68,80,0,8.05,clear sky
298,Guaratuba,BR,-25.8828,-48.5747,71.8,87,100,7.78,overcast clouds
299,Tura,IN,25.5198,90.2201,76.75,52,7,4.12,clear sky
300,Ekibastuz,KZ,51.6667,75.3667,21.15,56,53,17.43,broken clouds
301,Talnakh,RU,69.4865,88.3972,-15.92,95,23,7.18,few clouds
302,Peniche,PT,39.3558,-9.3811,58.93,72,100,20.36,overcast clouds
303,Ancud,CL,-41.8697,-73.8203,45.93,93,21,1.72,few clouds
304,Gizo,SB,-8.103,156.8419,82.65,71,100,3.85,light rain
305,Xining,CN,36.6167,101.7667,39.52,35,9,7.4,clear sky
306,Kamen-Rybolov,RU,44.7481,132.0403,29.93,72,100,4.61,overcast clouds
307,Bandarbeyla,SO,9.4942,50.8122,81.86,59,80,13.35,broken clouds
308,Bathsheba,BB,13.2167,-59.5167,79.41,73,40,14.97,scattered clouds
309,Kaduna,NG,10.5222,7.4383,73.9,24,43,8.41,scattered clouds
310,Lubao,PH,14.9167,120.55,91.47,50,86,6.29,overcast clouds
311,Nevsehir,TR,38.9167,34.6667,40.21,81,75,8.05,broken clouds
312,Gornopravdinsk,RU,60.05,69.9,24.06,90,100,10.2,overcast clouds
313,Valdivia,CL,-39.8142,-73.2459,46.49,99,20,2.53,few clouds
314,Ponta Delgada,PT,37.7333,-25.6667,63.32,72,20,9.22,few clouds
315,Kedrovyy,RU,56.1667,91.8167,9.01,87,100,10.85,overcast clouds
316,Ribeira Grande,PT,38.5167,-28.7,65.84,79,100,24.74,overcast clouds
317,Hamilton,US,39.1834,-84.5333,34.88,74,90,1.01,overcast clouds
318,Bereda,ES,43.2686,-7.5406,43.88,91,1,1.3,clear sky
319,Anloga,GH,5.7947,0.8973,79.02,77,16,4.07,few clouds
320,Mangrol,IN,21.1167,70.1167,85.95,58,95,5.1,overcast clouds
321,Itambacuri,BR,-18.0311,-41.685,71.42,97,100,2.93,heavy intensity rain
322,Tigil,RU,57.8,158.6667,25.79,74,43,14.99,scattered clouds
323,Clyde River,CA,70.4692,-68.5914,12.43,85,100,23.02,light snow
324,Mae Sai,TH,20.4335,99.8762,88.45,44,96,2.77,overcast clouds
325,Anadyr,RU,64.75,177.4833,-10.7,84,0,15.66,clear sky
326,Tokmak,UA,47.2514,35.7058,44.04,85,99,15.66,overcast clouds
327,Isakly,RU,54.1333,51.5333,30.67,96,100,16.49,light snow
328,Idar-Oberstein,DE,49.7,7.3,46.62,88,10,1.43,clear sky
329,Margate,GB,51.3813,1.3862,51.31,89,30,1.99,scattered clouds
330,Port Hardy,CA,50.6996,-127.4199,44.6,93,90,3.44,light rain
331,Caravelas,BR,-17.7125,-39.2481,76.06,87,100,9.33,overcast clouds
332,Umm Lajj,SA,25.0213,37.2685,76.62,50,100,3.09,overcast clouds
333,Waipawa,NZ,-41.4122,175.5153,58.46,49,59,6.15,broken clouds
334,Pio Xii,BR,-3.8325,-45.1525,74.68,95,58,2.84,broken clouds
335,San Carlos De Bariloche,AR,-41.1456,-71.3082,53.35,58,0,4.61,clear sky
336,Boca Raton,US,26.3587,-80.0831,76.01,85,90,5.01,overcast clouds
337,Severo-Kurilsk,RU,50.6789,156.125,36.14,94,95,5.75,light rain
338,Adre,TD,13.4667,22.2,75.97,22,5,17.87,clear sky
339,Cap Malheureux,MU,-19.9842,57.6142,82.89,59,1,8.99,clear sky
340,Bhinmal,IN,25.0,72.25,82.45,57,68,2.82,broken clouds
341,Turayf,SA,31.6725,38.6637,55.65,88,40,3.44,scattered clouds
342,Begampur,IN,22.7417,88.2433,85.91,39,9,3.89,clear sky
343,Zaysan,KZ,47.4667,84.8667,15.89,64,4,6.55,clear sky
344,Ahipara,NZ,-35.1667,173.1667,62.6,79,3,3.18,clear sky
345,Nouakchott,MR,18.0858,-15.9785,75.13,60,100,11.9,overcast clouds
346,Arlit,NE,18.7369,7.3853,79.39,18,93,3.83,overcast clouds
347,Mana,GF,5.6592,-53.7767,76.32,91,93,6.26,overcast clouds
348,Manavalakurichi,IN,8.1333,77.3,86.09,69,36,16.87,scattered clouds
349,Sao Filipe,CV,14.8961,-24.4956,77.58,79,95,3.56,overcast clouds
350,Aklavik,CA,68.2191,-135.0107,0.43,87,100,9.91,overcast clouds
351,Pau Brasil,BR,-15.4642,-39.6511,68.86,99,100,2.33,overcast clouds
352,Coruripe,BR,-10.1256,-36.1756,76.03,83,75,9.82,broken clouds
353,Znamenskoye,RU,57.1281,73.8282,23.54,91,100,10.22,overcast clouds
354,Vilhena,BR,-12.7406,-60.1458,65.79,98,100,1.05,overcast clouds
355,Dongning,CN,44.0622,131.1207,32.81,51,1,3.4,clear sky
356,Teya,RU,60.3778,92.6267,2.17,80,100,6.13,overcast clouds
357,Korla,CN,41.7597,86.1469,37.47,34,0,5.86,clear sky
358,Sao Jose Da Coroa Grande,BR,-8.8978,-35.1478,77.18,76,32,7.29,scattered clouds
359,Tigre,AR,-34.426,-58.5796,68.22,87,20,6.91,few clouds
360,Sur,OM,22.5667,59.5289,79.86,38,0,9.01,clear sky
361,Karpathos,GR,35.507,27.2132,60.76,55,20,33.38,few clouds
362,Poiana Blenchii,RO,47.3,23.75,41.23,95,100,2.24,overcast clouds
363,Baykit,RU,61.67,96.37,-1.62,97,99,1.48,overcast clouds
364,Vaitape,PF,-16.5167,-151.75,80.13,80,7,18.07,light rain
365,Meulaboh,ID,4.1363,96.1285,84.04,71,37,4.92,scattered clouds
366,Roma,US,43.2128,-75.4557,35.46,93,1,0.0,clear sky
367,Lyuban,BY,52.7985,28.0048,46.83,69,100,23.53,overcast clouds
368,Kudat,MY,6.8837,116.8477,87.73,74,20,6.91,few clouds
369,Port-Gentil,GA,-0.7193,8.7815,78.76,94,75,4.61,light rain
370,Koslan,RU,63.4564,48.8989,29.55,94,100,9.48,light snow
371,Knokke-Heist,BE,51.3333,3.3333,52.02,87,84,3.0,broken clouds
372,Vengurla,IN,15.8667,73.6333,83.35,71,100,5.01,light rain
373,Qaqortoq,GL,60.7167,-46.0333,33.01,96,100,23.11,snow
374,Atherton,GB,53.5237,-2.4935,51.71,81,100,9.35,overcast clouds
375,Port Lincoln,AU,-34.7333,135.8667,59.74,60,1,17.58,clear sky
376,Isangel,VU,-19.55,169.2667,80.71,83,75,0.0,moderate rain
377,Oranjestad,AW,12.524,-70.027,80.55,83,40,12.66,scattered clouds
378,Contai,IN,21.7786,87.7536,83.52,48,10,4.54,clear sky
379,Omboue,GA,-1.5746,9.2618,77.56,87,98,4.38,overcast clouds
380,Yerbogachen,RU,61.2767,108.0108,3.72,95,100,4.85,overcast clouds
381,Bonthe,SL,7.5264,-12.505,77.58,89,8,2.59,light rain
382,Altamira,BR,-3.2033,-52.2064,72.99,97,87,2.15,overcast clouds
383,Dzaoudzi,YT,-12.7887,45.2699,87.69,62,75,10.36,broken clouds
384,Hasaki,JP,35.7333,140.8333,59.4,58,91,13.71,overcast clouds
385,Dukat,RU,62.55,155.55,3.22,99,100,2.17,overcast clouds
386,Mattru,SL,7.6244,-11.8332,74.82,96,6,2.01,clear sky
387,Formosa,AR,-26.1775,-58.1781,64.38,88,0,2.3,clear sky
388,Riyadh,SA,24.6877,46.7219,73.54,26,0,18.97,clear sky
389,Klaksvik,FO,62.2266,-6.589,41.92,84,100,6.58,overcast clouds
390,Ho Chi Minh City,VN,10.75,106.6667,86.02,74,40,1.14,scattered clouds
391,Gunnedah,AU,-30.9833,150.25,71.22,87,100,1.01,overcast clouds
392,San Carlos,VE,9.6612,-68.5827,73.27,82,100,3.15,overcast clouds
393,Lixourion,GR,38.2019,20.4314,61.48,77,10,3.47,clear sky
394,Boende,CD,-0.2167,20.8667,78.03,80,19,1.25,few clouds
395,Karratha,AU,-20.7377,116.8463,90.61,31,23,13.8,few clouds
396,Nuuk,GL,64.1835,-51.7216,27.64,96,100,13.98,snow
397,Beira,MZ,-19.8436,34.8389,84.29,65,40,20.0,scattered clouds
398,Kazanskaya,RU,45.4106,40.4361,43.32,74,37,12.59,scattered clouds
399,Lake City,US,30.1897,-82.6393,55.58,71,1,8.05,clear sky
400,Nichinan,JP,31.6,131.3667,70.75,61,0,9.62,clear sky
401,Saint Anthony,US,45.0205,-93.218,35.53,67,1,3.0,clear sky
402,Sungairaya,ID,0.7,108.9,86.29,65,72,8.12,broken clouds
403,Beeville,US,28.4008,-97.7483,53.74,93,1,3.44,clear sky
404,Buta,CD,2.7858,24.73,82.85,63,18,1.77,few clouds
405,Artigas,UY,-30.4,-56.4667,58.89,69,0,7.45,clear sky
406,Imeni Poliny Osipenko,RU,52.4201,136.4853,6.55,93,13,0.47,few clouds
407,Miandrivazo,MG,-19.5167,45.4667,92.35,41,2,4.68,clear sky
408,Redmond,US,47.674,-122.1215,45.88,90,100,1.01,overcast clouds
409,Villarrobledo,ES,39.2699,-2.6012,49.86,93,100,17.34,overcast clouds
410,Eresos,GR,39.1667,25.9333,53.11,62,54,20.56,broken clouds
411,Wundanyi,KE,-3.4019,38.364,69.85,66,93,3.67,overcast clouds
412,Miraflores,MX,19.2167,-98.8083,53.02,87,12,3.78,few clouds
413,San Cristobal,VE,7.7669,-72.225,64.17,78,100,1.57,overcast clouds
414,Rafaela,AR,-31.2503,-61.4867,69.06,57,0,1.99,clear sky
415,Dalbandin,PK,28.8947,64.4101,60.33,22,0,8.95,clear sky
416,Butler,US,39.4501,-84.5666,34.74,76,1,0.0,clear sky
417,Bubaque,GW,11.2833,-15.8333,83.14,63,20,11.56,few clouds
418,Bloomingdale,US,27.8936,-82.2404,68.38,91,75,3.0,broken clouds
419,Minervino Murge,IT,41.0843,16.0784,51.64,83,17,8.52,few clouds
420,Evensk,RU,61.95,159.2333,16.79,80,100,13.65,overcast clouds
421,Zalari,RU,53.5584,102.5065,11.91,83,100,15.57,overcast clouds
422,Mullovka,RU,54.2,49.4,30.02,92,100,12.01,overcast clouds
423,Galesong,ID,-5.3166,119.3661,82.42,72,100,6.24,moderate rain
424,Azad Shahr,IR,34.7909,48.5707,28.89,100,90,2.3,fog
425,Uglich,RU,57.5275,38.3317,32.86,99,100,2.91,overcast clouds
426,Bilibino,RU,68.0546,166.4372,-20.76,87,18,4.03,few clouds
427,Kemin,KG,42.7846,75.6892,41.49,52,0,12.41,clear sky
428,Mitsamiouli,KM,-11.3847,43.2844,88.09,55,20,12.66,few clouds
429,Aykhal,RU,66.0,111.5,-20.74,100,71,6.53,broken clouds
430,Atambua,ID,-9.1061,124.8925,82.58,73,100,1.12,overcast clouds
431,Zlitan,LY,32.4674,14.5687,67.17,67,5,7.34,clear sky
432,Katsuura,JP,35.1333,140.3,64.11,68,63,18.14,broken clouds
433,Turochak,RU,52.2576,87.1224,18.84,57,100,3.38,overcast clouds
434,Koupela,BF,12.1794,-0.3517,76.62,20,0,9.57,clear sky
435,Nishihara,JP,26.1842,127.7558,78.46,69,75,13.8,broken clouds
436,Lokosovo,RU,61.1333,74.8167,11.3,94,100,12.62,light snow
437,Moanda,GA,-1.5575,13.2178,73.63,91,43,1.88,light rain
438,Khyriv,UA,49.5333,22.8524,48.49,82,100,16.98,overcast clouds
439,Yumen,CN,40.2833,97.2,32.59,45,45,30.47,scattered clouds
440,Werda,BW,-25.2667,23.2833,81.52,20,10,9.53,clear sky
441,Inhambane,MZ,-23.865,35.3833,77.0,88,75,5.01,broken clouds
442,Escanaba,US,45.7453,-87.0646,39.94,66,1,16.11,clear sky
443,Fortuna,US,40.5982,-124.1573,51.42,60,1,6.91,clear sky
444,Baiao,BR,-2.7906,-49.6717,73.76,97,46,2.44,light rain
445,Calabozo,VE,8.9242,-67.4293,74.97,72,73,5.32,broken clouds
446,Saquena,PE,-4.6667,-73.5167,72.93,97,100,0.89,overcast clouds
447,Kitgum,UG,3.2783,32.8867,85.84,37,100,3.8,overcast clouds
448,Teguldet,RU,57.3064,88.1667,10.38,85,100,8.48,overcast clouds
449,Chake Chake,TZ,-5.2459,39.7666,88.54,48,30,4.27,scattered clouds
450,Acajutla,SV,13.5928,-89.8275,77.86,69,78,6.73,broken clouds
451,Tandil,AR,-37.3217,-59.1332,45.84,88,0,3.87,clear sky
452,Macklin,CA,52.3334,-109.9348,23.34,86,14,7.09,few clouds
453,Pangoa,PE,-12.1167,-73.0,66.69,100,100,0.09,overcast clouds
454,Naze,JP,28.3667,129.4833,72.52,73,95,15.03,overcast clouds
455,Hobyo,SO,5.3505,48.5268,84.04,53,97,13.82,overcast clouds
456,Moerai,PF,-22.4333,-151.3333,75.83,66,30,12.17,scattered clouds
457,Moranbah,AU,-22.0016,148.0466,91.54,20,84,17.67,broken clouds
458,Gorban,RO,46.8761,28.0789,54.0,65,65,6.55,broken clouds
459,Savannakhet,LA,16.566,104.751,89.62,51,40,4.61,scattered clouds
460,Takoradi,GH,4.8845,-1.7554,80.29,84,96,4.14,overcast clouds
461,Tecpan,GT,14.7623,-90.9947,53.06,98,88,5.57,overcast clouds
462,Saint-Joseph,RE,-21.3667,55.6167,80.98,62,0,6.82,clear sky
463,Lock Haven,US,41.137,-77.4469,32.05,91,74,1.36,broken clouds
464,Tecoanapa,MX,16.5167,-98.75,74.86,83,8,4.92,clear sky
465,Antalaha,MG,-14.9003,50.2788,82.36,60,96,7.63,overcast clouds
466,Pisco,PE,-13.7,-76.2167,63.01,88,99,3.44,overcast clouds
467,Kaz,RU,52.9113,87.3105,16.84,75,100,8.43,overcast clouds
468,Tazovskiy,RU,67.4667,78.7,-12.69,96,56,13.8,broken clouds
469,Carutapera,BR,-1.195,-46.02,75.78,93,67,6.62,broken clouds
470,Ulaangom,MN,49.9811,92.0667,13.86,34,2,7.9,clear sky
471,Alakurtti,RU,66.9672,30.3491,25.41,95,100,4.38,overcast clouds
472,Sabya,SA,17.1495,42.6254,87.42,56,2,3.53,clear sky
473,Svetlogorsk,BY,52.6333,29.7333,46.9,71,100,20.24,overcast clouds
474,Petropavlovsk-Kamchatskiy,RU,53.0452,158.6483,36.19,60,75,22.37,moderate rain
475,Kathu,TH,7.9178,98.3332,87.62,98,100,4.16,overcast clouds
476,Najran,SA,17.4924,44.1277,75.85,27,0,5.19,clear sky
477,Piacabucu,BR,-10.4056,-36.4344,76.14,82,91,8.52,overcast clouds
478,Ljungby,SE,56.8332,13.9408,47.79,82,100,12.19,light rain
479,Batemans Bay,AU,-35.7167,150.1833,64.2,95,100,7.27,light rain
480,Ust-Nera,RU,64.5667,143.2,-17.81,100,95,1.14,overcast clouds
481,Salinas,US,36.6777,-121.6555,58.96,89,90,6.91,mist
482,Kalol,IN,22.6,73.45,85.44,42,30,6.85,scattered clouds
483,Jati,PK,24.3539,68.2671,85.46,27,0,15.03,clear sky
484,Douglas,US,41.3,-96.167,44.15,58,1,1.01,clear sky
485,Bagdarin,RU,54.4333,113.6,13.5,86,100,2.84,overcast clouds
486,Yuzhno-Kurilsk,RU,44.0306,145.8556,39.33,62,22,26.15,few clouds
487,Kungurtug,RU,50.5994,97.5228,5.52,61,100,9.98,overcast clouds
488,Grande Prairie,CA,55.1667,-118.8027,17.78,93,90,12.66,snow
489,Vila Franca Do Campo,PT,37.7167,-25.4333,63.01,75,100,9.62,overcast clouds
490,Catania,IT,37.5021,15.0872,59.72,87,0,5.75,clear sky
491,Santa Maria Da Boa Vista,BR,-8.8078,-39.8256,74.66,69,82,11.43,broken clouds
492,Vao,NC,-22.6667,167.4833,73.31,81,43,17.36,light rain
493,Vryburg,ZA,-26.9566,24.7284,75.13,32,8,8.34,clear sky
494,Zhanaozen,KZ,43.3,52.8,39.11,33,100,9.53,overcast clouds
495,Martinho Campos,BR,-19.3317,-45.2369,68.18,95,100,1.61,overcast clouds
496,Zuenoula,CI,7.4292,-6.0431,73.11,88,5,1.52,clear sky
497,Rock Springs,US,41.5875,-109.2029,33.24,77,1,10.36,clear sky
498,Zhanakorgan,KZ,43.9098,67.2495,40.62,24,71,2.59,broken clouds
499,Olafsvik,IS,64.8945,-23.7142,34.38,76,96,9.28,overcast clouds
500,Lubango,AO,-14.9172,13.4925,64.44,79,100,2.33,overcast clouds
501,Kamaishi,JP,39.2667,141.8833,52.75,62,19,2.98,few clouds
502,Alofi,NU,-19.0595,-169.9187,78.69,89,6,6.91,clear sky
503,Santa Vitoria Do Palmar,BR,-33.5189,-53.3681,57.6,77,0,6.96,clear sky
504,Svecha,RU,58.2785,47.5164,28.78,91,100,12.59,overcast clouds
505,Ola,RU,59.5833,151.2833,10.15,75,92,11.27,overcast clouds
506,Juneau,US,58.3019,-134.4197,25.21,95,37,5.66,scattered clouds
507,Roald,NO,62.5833,6.1333,47.91,71,75,20.71,broken clouds
508,Krasnyy Profintern,RU,57.7446,40.435,32.02,98,100,6.67,overcast clouds
509,Emerald,AU,-23.5333,148.1667,91.54,33,43,10.36,scattered clouds
510,Bom Jesus,BR,-9.0744,-44.3586,73.49,68,92,1.36,overcast clouds
511,Opuwo,NA,-18.0607,13.84,77.95,18,11,1.3,few clouds
512,Syedove,UA,47.0768,38.156,43.0,89,100,22.39,overcast clouds
513,El Alto,PE,-4.2714,-81.2147,63.41,84,95,11.63,overcast clouds
514,Seydi,TM,39.4816,62.9137,51.22,29,0,8.37,clear sky
515,Abrau-Dyurso,RU,44.69,37.59,47.66,74,96,15.5,overcast clouds
516,Qandala,SO,11.472,49.8728,82.89,44,2,7.47,clear sky
517,Male,MV,4.1748,73.5089,85.95,74,75,18.41,broken clouds
518,Tonstad,NO,58.6626,6.7169,47.35,97,100,2.13,light rain
519,Lasa,IT,46.6166,10.7002,27.34,53,9,3.13,clear sky
520,Mujiayingzi,CN,42.1167,118.7833,34.11,67,87,3.74,overcast clouds
521,Crestview,US,30.7621,-86.5705,57.24,63,1,4.0,clear sky
522,Ruteng,ID,-8.6136,120.4721,73.22,75,100,1.43,overcast clouds
523,Beringovskiy,RU,63.05,179.3167,4.23,100,92,13.98,overcast clouds
524,Kupang,ID,-10.1667,123.5833,88.38,70,75,10.36,broken clouds
525,Afyonkarahisar,TR,38.75,30.6667,41.31,73,84,7.7,broken clouds
526,Seoul,KR,37.5683,126.9778,63.01,53,20,2.3,haze
527,Santa Rosa,PH,14.3122,121.1114,87.12,61,95,12.91,heavy intensity rain
528,Passo Fundo,BR,-28.2628,-52.4067,50.45,92,0,6.58,clear sky
529,Gorodishche,RU,48.8045,44.4744,34.68,93,75,15.66,broken clouds
530,Daoukro,CI,7.0591,-3.9631,73.04,93,45,1.3,scattered clouds
531,Itupiranga,BR,-5.1347,-49.3267,79.12,96,100,1.57,overcast clouds
532,Quelimane,MZ,-17.8786,36.8883,82.35,78,75,11.5,broken clouds
533,Puerto Del Rosario,ES,28.5004,-13.8627,58.75,82,0,6.91,clear sky
534,George,ZA,-33.963,22.4617,62.15,77,75,3.44,broken clouds
535,Ilhabela,BR,-23.7781,-45.3581,70.48,92,98,4.54,overcast clouds
536,Ketchikan,US,55.3422,-131.6461,36.12,89,100,4.97,overcast clouds
537,Bilma,NE,18.6853,12.9164,77.74,21,99,5.7,overcast clouds
538,Puerto Leguizamo,CO,-0.1934,-74.7819,72.16,91,95,0.2,overcast clouds
539,West Richland,US,46.3043,-119.3614,42.35,94,1,5.01,clear sky
540,Mizdah,LY,31.4451,12.9801,56.61,81,95,6.69,overcast clouds
541,Kieta,PG,-6.2167,155.6333,80.85,78,100,3.74,overcast clouds
542,Alice Springs,AU,-23.7,133.8833,99.95,11,73,13.8,broken clouds
543,Cheremukhovo,RU,60.3484,59.9851,23.43,81,100,6.11,overcast clouds
544,Belmonte,BR,-15.8631,-38.8828,75.7,87,100,10.25,overcast clouds
545,Stromness,GB,58.965,-3.296,46.65,91,100,1.01,light rain
546,Cabedelo,BR,-6.9811,-34.8339,75.87,79,15,12.12,few clouds
547,Khandyga,RU,62.6667,135.6,-21.3,100,78,1.9,broken clouds
548,Oksfjord,NO,70.2396,22.3479,34.72,98,100,13.62,light snow
549,Maun,BW,-19.9833,23.4167,73.36,83,0,8.05,clear sky
550,San Andres,CO,12.5847,-81.7006,82.42,78,20,5.75,few clouds
551,Clarksburg,US,39.2807,-80.3445,29.79,97,98,3.51,overcast clouds
552,Biloela,AU,-24.4167,150.5,87.21,35,100,11.99,overcast clouds
553,Guaruja,BR,-23.9931,-46.2564,75.16,26,100,1.01,overcast clouds
554,Port-De-Bouc,FR,43.4,4.9833,41.22,93,0,8.05,clear sky
555,Puerto Parra,CO,6.6515,-74.0573,70.59,99,67,0.65,broken clouds
556,Fallon,US,39.4735,-118.7774,47.44,74,37,7.72,scattered clouds
557,Constantine,DZ,36.365,6.6147,42.21,100,40,1.14,scattered clouds
558,Balgazyn,RU,51.0,95.2,8.04,52,0,5.82,clear sky
559,Gouyave,GD,12.1646,-61.7296,77.77,83,20,5.75,few clouds
560,Inyonga,TZ,-6.7167,32.0667,82.36,46,19,4.83,few clouds
561,Maceio,BR,-9.6658,-35.7353,76.44,88,40,3.44,scattered clouds
562,Zhigansk,RU,66.7697,123.3711,-25.11,99,91,5.82,overcast clouds
563,Palmer,US,42.1584,-72.3287,32.14,87,1,3.27,clear sky
564,Rio Tercero,AR,-32.173,-64.1141,60.8,46,3,4.43,clear sky
565,Guia De Isora,ES,28.2115,-16.7795,62.78,52,14,1.01,few clouds
566,Nazilli,TR,37.9163,28.3223,42.1,67,27,5.84,scattered clouds
567,Alekseyevka,RU,50.6309,38.6903,39.24,93,100,25.99,overcast clouds
568,Heyang,CN,26.1011,107.473,56.82,98,100,2.44,overcast clouds
569,Lincoln,US,40.8,-96.667,45.01,53,31,1.01,scattered clouds
570,Rosario,AR,-32.9468,-60.6393,64.08,88,0,0.0,clear sky
571,Shubarshi,KZ,48.5872,57.1869,26.83,82,100,14.56,overcast clouds
572,Ampanihy,MG,-24.7,44.75,89.67,37,20,7.94,few clouds
573,Monticello,US,45.3055,-93.7941,35.22,72,1,5.75,clear sky
574,Chimbote,PE,-9.0853,-78.5783,62.4,92,100,5.57,overcast clouds
575,Ulaanbaatar,MN,47.9077,106.8832,14.13,79,90,4.47,snow
576,Comodoro Rivadavia,AR,-45.8667,-67.5,62.46,42,0,11.5,clear sky
577,Hunterville,NZ,-39.9333,175.5667,56.97,81,17,3.78,few clouds
578,Flinders,AU,-34.5833,150.8552,64.8,91,100,9.17,overcast clouds
579,Buritizeiro,BR,-17.3511,-44.9622,71.2,95,100,0.36,heavy intensity rain
580,Grootfontein,NA,-19.5667,18.1167,76.57,19,14,5.75,few clouds
581,Portland,US,45.5234,-122.6762,46.83,90,100,2.57,overcast clouds
582,Hay River,CA,60.8156,-115.7999,10.38,79,90,12.66,light snow
583,Guangyuan,CN,32.442,105.823,55.24,77,100,6.11,overcast clouds
584,Okhotsk,RU,59.3833,143.3,11.07,81,21,15.03,few clouds
585,Yining,CN,29.0361,114.5636,58.12,94,100,1.21,overcast clouds
586,Usoke,TZ,-5.1667,32.35,88.59,32,9,1.5,clear sky
587,Benalla,AU,-36.55,145.9833,68.99,42,100,11.9,overcast clouds
588,Haileybury,CA,47.449,-79.6373,19.98,69,100,5.19,overcast clouds
589,Boali,CF,4.8005,18.1275,79.57,71,100,0.56,overcast clouds
590,Cayenne,GF,4.9333,-52.3333,80.1,88,20,1.01,few clouds
591,Nanortalik,GL,60.1432,-45.2371,35.26,96,100,26.66,heavy intensity rain
592,Ucluelet,CA,48.9329,-125.5528,37.09,90,65,4.83,broken clouds
593,Chumikan,RU,54.7183,135.315,9.19,80,9,13.02,clear sky
594,Teocelo,MX,19.3833,-96.9667,60.69,91,100,2.13,overcast clouds
595,Hanmer Springs,NZ,-42.5167,172.8167,58.33,67,100,2.48,overcast clouds
596,Tabuk,PH,17.4189,121.4443,83.97,62,90,6.35,overcast clouds
597,Kimberley,ZA,-28.7323,24.7623,64.09,45,0,6.91,clear sky
598,Kabakovo,RU,54.5369,56.1517,25.09,86,90,26.84,light snow
599,Tautira,PF,-17.7333,-149.15,80.62,74,59,16.93,broken clouds
600,Rio Gallegos,AR,-51.6226,-69.2181,48.25,61,0,20.71,clear sky
601,Bonfim,BR,3.0833,-59.95,77.7,73,100,5.7,overcast clouds
602,Haapiti,PF,-17.5667,-149.8667,80.33,72,15,16.44,few clouds
603,Amapa,BR,1.0,-52.0,71.47,99,37,1.32,light rain
604,Ouesso,CG,1.6136,16.0517,76.82,85,94,1.23,overcast clouds
605,Tuatapere,NZ,-46.1333,167.6833,49.77,95,100,2.15,overcast clouds
606,Pangnirtung,CA,66.1451,-65.7125,15.75,74,100,9.44,overcast clouds
607,Radishchevo,RU,52.85,47.8833,29.88,92,100,15.03,overcast clouds
608,Pilar,BR,-9.5972,-35.9567,75.13,90,14,4.32,few clouds
609,Mehamn,NO,71.0357,27.8492,32.47,85,100,22.88,light snow
610,Djibo,BF,14.1022,-1.6306,75.04,19,0,9.15,clear sky
611,Halifax,CA,44.6453,-63.5724,37.45,89,10,5.01,clear sky
612,Benghazi,LY,32.1167,20.0667,67.71,63,40,20.67,scattered clouds
613,Broome,US,42.2506,-75.833,31.19,76,100,3.0,overcast clouds
614,San Lawrenz,MT,36.0553,14.204,58.86,91,1,6.17,clear sky
615,Smirnykh,RU,49.75,142.8333,25.3,69,13,8.08,few clouds
616,Loukhi,RU,66.0764,33.0381,28.09,95,100,7.49,light snow
617,Chipiona,ES,36.7366,-6.437,63.3,82,20,10.36,few clouds
618,Turukhansk,RU,65.8167,87.9833,-10.7,87,88,8.25,overcast clouds
619,Westport,US,41.1415,-73.3579,40.82,78,8,1.99,clear sky
620,Conway,US,35.0887,-92.4421,41.7,76,75,3.44,broken clouds
621,Kenai,US,60.5544,-151.2583,-2.97,87,12,9.1,few clouds
622,Christchurch,NZ,-43.5333,172.6333,64.6,63,100,10.36,overcast clouds
623,Katangli,RU,51.7102,143.2326,24.67,73,100,19.01,overcast clouds
624,Sakakah,SA,29.9697,40.2064,62.17,35,68,2.15,broken clouds
625,San Borja,BO,-14.8167,-66.85,70.99,80,100,1.79,overcast clouds
626,Alpnach,CH,46.9402,8.2743,46.53,95,90,3.44,fog
627,Bejar,ES,40.3864,-5.7634,46.58,87,69,4.56,broken clouds
628,Deputatskiy,RU,69.3,139.9,-14.75,99,100,3.18,overcast clouds
629,Alcaniz,ES,41.05,-0.1333,49.08,85,100,1.21,overcast clouds
630,Morehead,US,37.2711,-87.1764,34.99,79,1,0.0,clear sky
631,Panjakent,TJ,39.4952,67.6093,40.8,20,0,1.14,clear sky
632,Lakes Entrance,AU,-37.8811,147.981,60.17,80,100,3.87,overcast clouds
633,Veraval,IN,20.9,70.3667,86.5,59,71,6.64,broken clouds
634,Lucea,JM,18.451,-78.1736,76.86,74,96,9.71,overcast clouds
635,Mareeba,AU,-17.0,145.4333,85.32,54,5,9.69,clear sky
636,Nortelandia,BR,-14.4547,-56.8028,70.63,99,100,1.28,overcast clouds
637,Leopold,AU,-38.1833,144.4667,63.18,55,90,5.99,overcast clouds
638,Banepa,NP,27.6298,85.5214,70.12,37,75,3.44,broken clouds
639,Sao Lourenco,BR,-22.1164,-45.0544,65.37,97,99,3.76,overcast clouds
640,Reo,BF,12.3167,-2.4667,75.36,20,0,8.12,clear sky
641,Semirom,IR,31.4167,51.5667,43.79,48,2,5.03,clear sky
642,Taraclia,MD,45.9,28.6689,47.71,69,100,10.56,overcast clouds
643,Verkhoyansk,RU,67.5447,133.385,-20.18,99,95,3.15,overcast clouds
644,Port Augusta,AU,-32.5,137.7667,61.7,81,100,17.05,overcast clouds
645,Bani,DO,18.2833,-70.3333,72.61,81,32,7.25,scattered clouds
646,Monrovia,LR,6.3005,-10.7969,74.97,84,55,5.59,broken clouds
647,Baruun-Urt,MN,46.6806,113.2792,20.93,58,100,3.04,overcast clouds
648,Segezha,RU,63.7415,34.3222,32.2,74,100,11.63,overcast clouds
649,Sokolovo,RU,52.5318,84.7896,17.62,68,100,6.38,overcast clouds
650,Jurm,AF,36.8648,70.8342,48.94,38,0,3.13,clear sky
651,Naerbo,NO,58.6667,5.65,45.01,94,100,2.8,overcast clouds
652,Marawi,PH,7.9986,124.2928,74.64,88,94,1.86,overcast clouds
653,At-Bashi,KG,41.1702,75.8106,29.07,27,0,0.63,clear sky
654,Lagoa,PT,39.05,-27.9833,64.54,77,96,25.59,overcast clouds
655,Vavuniya,LK,8.7514,80.4971,84.16,71,97,7.96,overcast clouds
656,Brokopondo,SR,4.75,-55.1667,75.11,93,100,5.59,overcast clouds
657,Kindu,CD,-2.95,25.95,77.68,73,100,2.3,overcast clouds
658,Vallenar,CL,-28.5708,-70.7581,60.44,72,0,1.63,clear sky
659,Thai Binh,VN,20.45,106.3333,80.6,69,89,14.83,overcast clouds
660,Yunyang,CN,33.4474,112.7142,53.49,74,100,9.53,overcast clouds
661,Hanna,CA,51.6334,-111.9018,23.02,63,16,6.35,few clouds
662,Talara,PE,-4.5772,-81.2719,64.53,87,69,12.73,broken clouds
663,Grand Gaube,MU,-20.0064,57.6608,82.8,59,1,11.99,clear sky
664,Lipin Bor,RU,60.2622,37.9763,32.4,96,100,4.59,light snow
665,Saint-Francois,FR,46.4154,3.9054,36.48,95,90,6.91,mist
666,Vidim,RU,56.4088,103.1106,11.35,86,100,8.97,overcast clouds
667,Bitung,ID,1.4451,125.1824,81.45,73,100,6.58,overcast clouds
668,Magdagachi,RU,53.45,125.8,15.04,50,100,2.39,overcast clouds
669,Yulara,AU,-25.2406,130.9889,96.64,24,100,19.57,overcast clouds
670,Baley,RU,51.6,116.6333,13.78,84,100,2.15,overcast clouds
671,Batsfjord,NO,70.6345,29.7185,32.92,92,100,18.16,light snow
672,Rochegda,RU,62.8,43.25,30.72,98,100,6.38,light snow
673,Sobolevo,RU,54.4299,31.8996,44.19,68,86,25.3,light rain
674,Guanica,PR,17.9716,-66.908,77.97,81,61,1.01,broken clouds
675,Anori,BR,-3.7728,-61.6442,72.64,99,100,2.59,overcast clouds
676,Luau,AO,-10.7073,22.2247,65.52,98,100,4.21,moderate rain
677,Blois,FR,47.5833,1.3333,43.38,87,0,6.42,clear sky
678,Markivka,UA,49.5229,39.5705,37.54,94,100,21.72,overcast clouds
679,Mabaruma,GY,8.2,-59.7833,72.18,98,45,1.5,scattered clouds
680,Dicabisagan,PH,17.0818,122.4157,82.98,72,93,10.8,overcast clouds
681,Jodiya,IN,22.6925,70.306,91.51,61,100,11.39,overcast clouds
682,Zhaozhou,CN,45.6833,125.3167,22.69,82,5,4.09,clear sky
683,Kushima,JP,31.4583,131.2333,71.11,60,0,8.88,clear sky
684,Juli,PE,-16.2167,-69.45,44.76,77,100,6.58,overcast clouds
685,Port Moresby,PG,-9.4431,147.1797,82.87,80,15,13.65,few clouds
686,Manggar,ID,-2.8833,108.2667,85.44,68,88,4.07,overcast clouds
687,Hovd,MN,48.0056,91.6419,14.79,14,0,2.8,clear sky
688,Domoni,KM,-12.2569,44.5319,83.93,65,13,6.71,few clouds
689,Rio Claro,BR,-22.4114,-47.5614,69.53,89,89,8.16,overcast clouds
690,Kapit,MY,2.0167,112.9333,91.62,52,99,2.24,overcast clouds
691,Wana,PK,32.2989,69.5725,61.72,19,0,3.96,clear sky
692,Mohan,IN,26.7833,80.6833,71.55,40,100,8.34,overcast clouds
693,Rindal,NO,63.0565,9.2124,36.79,98,100,9.53,overcast clouds
694,Indramayu,ID,-6.3264,108.32,83.57,69,100,9.51,overcast clouds
695,Mus,TR,39.0,41.75,43.81,44,100,1.1,overcast clouds
696,Dudinka,RU,69.4058,86.1778,-11.87,92,84,16.71,broken clouds
697,Sao Joao Da Barra,BR,-21.6403,-41.0511,72.82,95,100,7.96,overcast clouds
698,Aviles,ES,43.5547,-5.9248,51.37,84,0,1.99,clear sky
699,Payo,ID,-3.7508,103.6372,90.34,52,100,4.43,overcast clouds
700,Basco,PH,20.4487,121.9702,80.13,76,73,18.12,broken clouds
701,Verkhnyaya Inta,RU,65.9811,60.3094,15.84,83,100,11.21,overcast clouds
702,Thinadhoo,MV,0.5333,72.9333,82.6,76,100,20.0,overcast clouds
703,Marihatag,PH,8.7936,126.2969,84.87,72,14,6.62,few clouds
704,Ukiah,US,39.1502,-123.2078,51.64,95,90,0.0,overcast clouds
705,Rantepao,ID,-2.9701,119.8978,78.01,87,92,1.86,overcast clouds
706,Malinyi,TZ,-8.9333,36.1333,88.66,40,2,3.06,clear sky
707,Havoysund,NO,70.9963,24.6622,34.68,75,100,22.7,light snow
708,Muros,ES,42.7762,-9.0603,52.3,91,8,6.13,clear sky
709,Krasnoselkup,RU,65.7,82.4667,-13.43,94,12,11.79,few clouds
710,Sorong,ID,-0.8833,131.25,84.51,75,10,5.59,clear sky
711,Lazaro Cardenas,MX,17.9583,-102.2,74.14,84,7,3.94,clear sky
712,Nizhneudinsk,RU,54.9076,99.0276,12.81,46,100,4.99,overcast clouds
713,Beloha,MG,-25.1667,45.05,86.79,47,22,9.82,few clouds
714,Mkushi,ZM,-13.6202,29.3939,80.17,44,100,4.59,overcast clouds
715,Kalispell,US,48.1958,-114.3129,34.66,88,90,0.0,overcast clouds
716,Sant Feliu De Guixols,ES,41.7833,3.0333,52.9,74,88,4.61,overcast clouds
717,Xiuyan,CN,40.2928,123.2744,42.46,47,100,5.03,overcast clouds
718,Bosaso,SO,11.2842,49.1816,83.79,45,6,6.98,clear sky
